ID,Name,Erzya,Source,Example,Comment,X,X.1,X.2
UT001,Is there a distinct category of dual for verbal agreement with a dual subject?,0,"Niina Aasmäe, Mariann Bernhardt, Denys Teptiuk",,,NA,NA,NA
UT002,Is non-agreement in number between the nominal subject and verbal predicate possible?,0,"Niina Aasmäe, Mariann Bernhardt, Denys Teptiuk",,,NA,NA,NA
UT003,Can finite verbs agree in number with the nominal object?,1,"Niina Aasmäe, Mariann Bernhardt, Denys Teptiuk",śormad-sa śorma-ńť;write-PRS/FUT.DEF.1SG>3SG letter-DEF.GEN.SG;I will write the letter;|śormad-siń śorma-ťńeń write-PRS/FUT.DEF.1SG>3PL letter-DEF.GEN.PL;I will write the letters;,,NA,NA,NA
UT004,Can an adnominal property word agree with the noun in case?,0,"Niina Aasmäe, Mariann Bernhardt, Denys Teptiuk",,,NA,NA,NA
UT005,Are there cases that do not show agreement in terms of case?,1,"Niina Aasmäe, Mariann Bernhardt, Denys Teptiuk",paro či-ťńe-ste;good day-DEF.ELA.PL;on the good days;,In attributive clauses the modifier has no case/number marker.,NA,NA,NA
UT006,Can adpositions be used to mark core verbal arguments?,1,"Mariann Bernhardt, Denys Teptiuk",,,NA,NA,NA
UT007,Can adpositions be used to mark non-core/oblique verbal arguments?,1,"Niina Aasmäe, Mariann Bernhardt, Denys Teptiuk",kort-an marto-nzo;speak-PRS.1SG with-PX.3SG.GEN;I (will) speak with him/her; ,Possessive suffixes can be added to a range of pospositions to show the person and number of an oblique argument.,NA,NA,NA
UT008,Can non-finite clauses entail a special way for a core argument (S/A) marking?,1,"Niina Aasmäe, Mariann Bernhardt, Denys Teptiuk",pr'aka-n' pan'e-mste-nze čat'mon'-in';pie-INDF.GEN bake-GER-3SG>3SG be_silent-PST1.1SG;On her baking a pie I kept silence;,,NA,NA,NA
UT009,Can non-finite clauses entail a special way for a core argument (P) marking?,1,"Niina Aasmäe, Mariann Bernhardt, Denys Teptiuk",,,NA,NA,NA
UT010,"Do characteristics of object referent (topicality, animacy, definiteness) influence object marking?",1,"Niina Aasmäe, Mariann Bernhardt, Denys Teptiuk",ram-in' alaša;buy-PST.1SG horse;I bought a horse;|ram-ija alaš-an't'; buy-PST.1SG>3SG horse-DEF.GEN;I bought the horse;,"Indefinite verb + indefinite nominative object expresses action that is not completed, whereas definite transitive verb + definite/possessive object expresses action that is completed.",NA,NA,NA
UT011,Does object marking correlate with aspectuality? ,1,"Niina Aasmäe, Mariann Bernhardt, Denys Teptiuk",lovno-sa kiniga-ńť;read-DEF.PRS.1SG>3SG book-DEF.GEN.SG;I will have read the book;|lovn-an kiniga-ńť; read-PRS.1SG book-DEF.GEN.SG;I am reading the book;,"The definite predicate + the DEF/PX object expresses a completed action, whereas the indefinite predicate + the DEF/PX object expresses a progressive action; the INDF predicate + INDF object (e.g. lovn-an kin'iga) can imply both a fact and a process. Thus, the DEF/INDF object correlates with aspectuality.  ",NA,NA,NA
UT012,Does the marking of the object depend on the verb conjugation form? ,0,"Niina Aasmäe, Mariann Bernhardt, Denys Teptiuk",,,NA,NA,NA
UT013,Is there differential subject marking?,1,"Niina Aasmäe, Mariann Bernhardt, Denys Teptiuk",Pando pŕa-so kas-i čuvto;mountain.NOM head-INDF.INE.SG grow-PRS.3SG tree.INDF.NOM.SG;on the top of the mountain a tree grows;|Čuvto-ś kas-i pando pŕa-so;tree-DEF.NOM.SG grow-PRS.3SG pando-mountain.NOM pŕa-INDF.INE.SG;The tree grows on a mountain top;|Mo-ń uľiť umaŕ (<umar'-en') čuvto-n;I-GEN be-PRS.3PL apple.NOM(<GEN) tree-PX.1SG>3PL;I have apple trees;,The subject may be INDF/DEF or POSS (the pronominal subject is not obligatory).,NA,NA,NA
UT014,"Can S and A be conflated morphologically across clause boundaries, i.e. act as syntactic pivot?",1,"Niina Aasmäe, Mariann Bernhardt, Denys Teptiuk",ćora-ś ńeji-źe ovto-ńt di tu-ś čije-ź;man-DEF.NOM.SG see-DEF.PST1.3SG>3SG bear-DEF.GEN(=ACC).SG and go-PST1.3SG run-GER;The man saw the bear and went (away) running;|ćora-ś ovto-ńť ńejemste-nze tu-ś čije-ź;man-DEF.NOM.SG bear-DEF.GEN(ACC).SG see-GER-3SG>3SG go-PST1.3SG run-GER;The man seeing the bear went away running;,,NA,NA,NA
UT015,"Can S and P be conflated morphologically across clause boundaries, i.e. act as syntactic pivot?",0,"Niina Aasmäe, Mariann Bernhardt, Denys Teptiuk",,,NA,NA,NA
UT016,Is there a grammatical device for habituality?,1,"Niina Aasmäe, Mariann Bernhardt, Denys Teptiuk","jak-il'in', jakśi-ĺiń;go-PST2.1SG vs. go-PST2.1SG;I used to go;",PST2 expresses habituality; -s'- in jakśi-ĺiń is a frequentative suffix (lexical).,NA,NA,NA
UT017,Is there a grammatical device for frequentative?,1,"Niina Aasmäe, Mariann Bernhardt, Denys Teptiuk",sa-kšn-oms;come-FRQ-INF;to come several times;,"In addition, the frequentative meaning can be associated with the PST2 used to convey habituality (see UT016).",NA,NA,NA
UT018,Is there a grammatical device for progressivity?,1,"Niina Aasmäe, Mariann Bernhardt, Denys Teptiuk",lovni-ľiń śńardo inže sa-ś;read-PST2.1SG when visitor.NOM come-PST1.3SG;I was reading when a visitor came;|uľń-iń orša-ź;be-PST1.1SG dress-PTCP2;I was (being) dressed; |orša-ź-eľiń; dress-PTCP2-PST2.1SG;I was (being) dressed /I used to be dressed;,PST2 can be used to express progressivity and repeated actions. The 'be' form in PST1 can also be used in the progressive meanig.,NA,NA,NA
UT019,Is it common to use a verb in the present tense for future time reference? ,1,"Niina Aasmäe, Mariann Bernhardt, Denys Teptiuk",moĺ-an kudo-v;go-PRS.1SG  home-INDF.LAT;I go/am going/will go home;,The forms of present cover both present and future time.,NA,NA,NA
UT020,Is there a grammatical device for immediate future?,0,"Niina Aasmäe, Mariann Bernhardt, Denys Teptiuk",,,NA,NA,NA
UT021,Is there a grammatical device for pluperfect?,0,"Niina Aasmäe, Mariann Bernhardt, Denys Teptiuk",,"PST1/PST2 express indefinite/progressive as well as completed actions (PST1) refferring to past (not sequence in time): mol'-in' 'I went, was walking': mol'i-l'-in' 'I was going, used to go'. They also differ by aspect. ",NA,NA,NA
UT022,Can aspect be expressed overtly on the negative marker?,1,"Niina Aasmäe, Mariann Bernhardt, Denys Teptiuk","jaki-ľiť ťeatra-v? -- eź-iľiń;go-PST2.2SG theatre-LAT -- NEG-PST2.1SG;Did you (usually) go to the theatre? --No, (I did not);","Past Indefinite has tense and person markers; it is followed by the connegative: ez'-in' jaka; in PST2, it has also aspect marker, l': ez'-il'-in' jaka. Negation expressed by aras' 'be missing', apak 'not (done)' (non-verbal predication) have these markers, too, e.g. araś-el´iń kudo-so (be_missing-PST2.1SG  home-INDF.INE) '(I) was not (staying) at home', apak-ol´ t´eje-ź (NEG-PST2.3SG do-PTCP2) '(it) was not done'.",NA,NA,NA
UT023,Can tense be expressed overtly on the negative marker?,1,"Niina Aasmäe, Mariann Bernhardt, Denys Teptiuk",araś-an/-el´iń;NEG-PRS.1SG/-PST2.1SG;I am/was missing;|eź-iń/-iľiń korta NEG-PST1.1SG/PST2.1SG speak.CNG;I did not speak/was not speaking;apak-at/-oĺiť orša-ź;NEG-PRS.2SG/-PST2.2SG dress-PTCP2;I am/was not dressed;,,NA,NA,NA
UT024,Is there grammatical marking of mirativity?,0,"Niina Aasmäe, Mariann Bernhardt, Denys Teptiuk",,,NA,NA,NA
UT025,Is there morphological marking on the verb dedicated to the expression of desire or wish?,1,"Niina Aasmäe, Mariann Bernhardt, Denys Teptiuk",mor-ikseľ-iń moro;sing-DES-1SG song-ACC;I wanted (=was about) to sing a song;,,NA,NA,NA
UT026,Is there morphological marking for irrealis (e.g. hypothetical state of affairs)?,1,"Niina Aasmäe, Mariann Bernhardt, Denys Teptiuk","Ul´e-vel´ ška-m, mol´e-vľiń/mol'in'-d'er'a-vl'in' t´eatra-v;be-CONJ.3SG time-PX.1SG>3SG go-CONJ./COND.CONJ.1SG theatre.INDF.LAT;If I had time I would go to/have visited  the theatre.",,NA,NA,NA
UT027,Are verbs marked in a specific mood in counterfactual conditional clauses?,1,"Niina Aasmäe, Mariann Bernhardt, Denys Teptiuk","Mor-ińďeŕa-vľiť moro, mon maŕa-vľiťiń;sing-COND-CONJ.2SG song.INDF.ACC I.NOM hear-DEF.CONJ.1SG>2SG;If you had sung a song, I would have heard you;",,NA,NA,NA
UT028,Is there morphological marking on the verb dedicated to the expression of deontic necessity?,1,"Niina Aasmäe, Mariann Bernhardt, Denys Teptiuk",moro-t'n'e mora-ma-t/mora-ma-l't'; song-DEF.NOM.PL sing-DEB-PRS/PST2.3PL; the songs must/had to be sung;,The debitive forms can constitute a one-word sentence without the pronominal subject (the subject is not overt): Mora- ma 'it has to be sung'. ,NA,NA,NA
UT029,Is there morphological marking on the verb dedicated to the expression of epistemic possibility? ,0,"Niina Aasmäe, Mariann Bernhardt, Denys Teptiuk",,,NA,NA,NA
UT030,Is there morphological marking on the verb dedicated to the expression of deontic possibility? ,1,"Niina Aasmäe, Mariann Bernhardt, Denys Teptiuk",sova-v-an;enter-PASS/REFL-PRS.1SG;I can enter;|mo-ńeń t´eve-ś t´eje-v-i;I-DAT work-DEF.NOM.SG do-PRS-PASS/REFL-3SG;I can do the work;,"The marker passive/reflexive marker v is used to express capability, possibility, passive voice (depending on a context).",NA,NA,NA
UT031,Is there morphological marking on the verb used to express indirect commands/wishes etc. directed to the 3Sg?,1,"Niina Aasmäe, Mariann Bernhardt, Denys Teptiuk",ul´e-ze;be-OPT.3SG;let it be;|sova-zo;enter-OPT.3SG 'let him/her enter; ,The optative marker is z.,NA,NA,NA
UT032,Is there morphological marking on the verb used to express indirect commands/wishes etc. directed to the 1Sg?,1,"Niina Aasmäe, Mariann Bernhardt, Denys Teptiuk",ul´e-zan šumbra;be-OPT.1SG healthy;let me be healthy;,,NA,NA,NA
UT033,Is it common to use the imperative/jussive in complement clauses introduced by predicates expressing wish/desire/will? ,0,"Niina Aasmäe, Mariann Bernhardt, Denys Teptiuk",,"Conjunctive is used to express wish/desire/will in simple clauses: soda-vl'-in' s'ed'e lamo 'I wish I knew more, I would like to know more'.",NA,NA,NA
UT034,Is there morphological marking on the verb dedicated to the expression of apprehension?,0,"Niina Aasmäe, Mariann Bernhardt, Denys Teptiuk",,,NA,NA,NA
UT035,Is there reflexive conjugation?,0,"Niina Aasmäe, Mariann Bernhardt, Denys Teptiuk",,"There is no reflexive conjugation, there is only the passive/reflexive marker v, e.g. maŕa-ń tomba-v-ś keď-eze (Mary-GEN hurt-REFL-PST1.3SG hand/arm-PX.3SG>3SG) 'Mary's hand/arm got hurt'.",NA,NA,NA
UT036,Are there syntactically ditransitive verbs?,0,"Niina Aasmäe, Mariann Bernhardt, Denys Teptiuk",,"However, with verbs like 'eat' and 'drink'  also ablative is used, e.g. mon andsa sonze sivel'd'e (1SG feed-1SG>3SG 3SG-GEN meat-ABL 'I feed him/her meat'). Other verbs rarely require ablative marking. ",NA,NA,NA
UT037,Can non-singular 2nd and 3rd person have the same person/number marking or morphosyntactic treatment?,1,"Niina Aasmäe, Mariann Bernhardt, Denys Teptiuk",and-samiź;feed-DEF.PRS.2PL/3PL>1PL;you/they will give food to us;|andi-miź;feed-DEF.PST1.2PL/3PL>1PL;you/they gave food to me;,There is syncretism between the 2PL and 3PL forms of definite conjugation.,NA,NA,NA
UT038,Can an impersonal (or passive) form be used instead of a finite plural form with an overt subject expression?,0,"Niina Aasmäe, Mariann Bernhardt, Denys Teptiuk",,,NA,NA,NA
UT039,Can third person plural verb forms be used for impersonal reference?,1,"Niina Aasmäe, Mariann Bernhardt, Denys Teptiuk",ťejńe-siź iśťa;do-DEF.3PL>3SG this;They do it like this/It is done like this;|Kši-ńť pań-siź;bread-DEF.GEN.SG bake-PRS/FUT.DEF.3PL>3SG;The bread will be baked;,,NA,NA,NA
UT040,Can second person singular verb forms be used in generic meaning?,1,"Niina Aasmäe, Mariann Bernhardt, Denys Teptiuk",ujiń-ďeŕ-at vasov - a veĺavtov-at;swim-COND.2SG far - NEG return-PRS.2SG;if you swim (=one swims) far - you (=s/he) won't (be able to) turn back;,,NA,NA,NA
UT042,Are clauses with only infinitive predicates possible?,1,"Niina Aasmäe, Mariann Bernhardt, Denys Teptiuk",t´eje-ma;do-DEB;(It) must be done;,,NA,NA,NA
UT043,Can verbs in purposive subordinate clauses be in bare infinitive form?,1,"Niina Aasmäe, Mariann Bernhardt, Denys Teptiuk",Mol´-an Moskov-ov ramśeme;go-PRS.1SG Moscow-LAT do_shopping-INF2;I will go to Moscow to do shopping;,,NA,NA,NA
UT044,Are there sentences without overt verbal arguments (e.g. weather verbs)?,1,"Niina Aasmäe, Mariann Bernhardt, Denys Teptiuk",piź-i;rain-PRS.3SG;It's raining;,,NA,NA,NA
UT045,Is copula needed for predicate nominals in the 3rd person form of the present tense?,0,"Niina Aasmäe, Mariann Bernhardt, Denys Teptiuk",,"The copula is covert, e.g. son erźa (s/he.NOM Erzya.PRS.3SG) 's/he is an Erzyan'.",NA,NA,NA
UT046,Is a copula needed for predicate nominals in the past and/or future tense?,1,"Niina Aasmäe, Mariann Bernhardt, Denys Teptiuk",Ton uĺ-at kudo-so?;you be-PRS.2SG home-INE;Will you  be at home?;,"The overt present forms of the copula express  future; predicate nominals have the cliticized PRS and PST forms of uĺ-ems: kudo-s-an (home-INE-PRS.1SG) 'I am at home', kudo-so-ĺiń (home-INE-PST2.1SG) 'I was at home'.",NA,NA,NA
UT047,Can locative adverbial phrases act as predicates without a copula?,1,"Niina Aasmäe, Mariann Bernhardt, Denys Teptiuk",kudo-so;home-INDF.INE.PRS.3SG;S/he is at home;,"Covert forms are used with 3SG. In other persons, the copula is overt, e.g. ušo-s-an < ušo-so-(ul´)an (outside-INE-PRS.1SG) 'I am outside'. The copula is also used in existential clauses, e.g. mon' uľ-i/-t' t'ev'em, -n' Gen + be-3SG/PL work-POSS.1SG>3SG/P 'I have work, -s'. toso ul'i ľej there be-PRS.3SG river.NOM) 'There is a river there'. ",NA,NA,NA
UT048,"Can the same coordinating conjunction be used for NPs, VPs, and clauses? ",0,"Niina Aasmäe, Mariann Bernhardt, Denys Teptiuk",,Pet´a-t-Mar´a-t Petja-PL Mar´a-PL 'Pete and Mary'; Pet´a Mar´a marto Petja.NOM Mar´a.NOM with 'Pete with Mary'; Pet´a lovn-i di śormad-i (Pete.NOM read-PRS.3SG and = Russ. da  write-PRS.3SG 'Pete reads and writes'.,NA,NA,NA
UT049,Does existential negation have a separate operator?,1,"Niina Aasmäe, Mariann Bernhardt, Denys Teptiuk",araś/-ť;NEG.PRS.3SG/PL;is/are missing;,"Affirmative: ul'-i/-it' be-PRS.3SG/PL;ul'n-es'/-es't' be-PST1.3SG/PL mon' ul'n'-es' katka-m 'I had a cat'. Negative: aras'/aras't' PRS.3SG/PL, aras'-el'/-el't' PST2.3SG/PL, mon' aras'el' katka-m'I did not have a cat'.",NA,NA,NA
UT050,Can standard negation be asymmetric in the present tense?,0,"Niina Aasmäe, Mariann Bernhardt, Denys Teptiuk",,"In the present tense, negation is symmetric, e.g. kort-an : a kort-an (speak-PRS.1SG : NEG speak-PRS.1SG) 'I speak : I don't speak'.",NA,NA,NA
UT051,Can non-finite dependent clauses use the standard negation construction?,1,"Niina Aasmäe, Mariann Bernhardt, Denys Teptiuk","a korti-ća;NEG speak-PTCP1;not speaking, taciturn;|a večkevi-ks;NEG like-PTCP1;not likeable;| a mol'e-ms;NEG go.INF;not to go;",,NA,NA,NA
UT052,Is there a special negator that combines with non-finite forms?,1,"Niina Aasmäe, Mariann Bernhardt, Denys Teptiuk",ťej-eź vs. apak t´eje tev;do-PTCP2 vs. NEG do.CNG work;done  vs. work that has not been done;|čij-eź vs. apak čije;run-GER vs. NEG run.CNG;running vs. not running;|šľa-ź-an vs. apak šľa-ź-an;NEG wash-PTCP2-PRS.1SG;I am not washed;,"apak 'not' is used with PTCP2 and GER in asymmetric construction. In nonverbal forms, the construction is symmetric: orša-z'-an dress-PTCP.PRS.1SG 'I am dressed' apak orša-z'-an 'I am not dressed'. Independently used, apak can have tense-person markers: apak-an PRS.1SG, apak-ol't' PST2.3PL.",NA,NA,NA
UT053,Are there special negative non-finite forms?,0,"Niina Aasmäe, Mariann Bernhardt, Denys Teptiuk",,,NA,NA,NA
UT054,Is there an impersonal passive construction?,0,"Niina Aasmäe, Mariann Bernhardt, Denys Teptiuk",,,NA,NA,NA
UT055,"Are there nonfinite forms specialized on the relativization of particular core participants, e.g. subjects (S/A), direct objects (P), absolutive participants (S/P)?",1,"Niina Aasmäe, Mariann Bernhardt, Denys Teptiuk",uči-ća lomań;wait-PTCP1 person.DEF.NOM/ACC.SG ;a waiting person;|učo-źeś/-eńť;wait-PTCP2 person.DEF.NOM/GEN.SG;the person whom (they) wait;,,NA,NA,NA
UT056,"Are there nonfinite forms that can relativize at least all core participants (S/A/P) and possibly also some noncore participants, e.g. locative adverbials, instruments, etc.?",1,"Niina Aasmäe, Mariann Bernhardt, Denys Teptiuk",ťeje-ź ťev;do-PST.PTCP work.NOM.SG;a work that is done;|pra-ź lopa;fall-PST.PTCP leaf.NOM.SG;a fallen leaf;,,NA,NA,NA
UT057,"Are there nonfinite forms that can relativize at least some noncore participants, e.g. locative adverbials or instruments, but cannot relativize all or some of the core participants, e.g. subjects?",0,"Niina Aasmäe, Mariann Bernhardt, Denys Teptiuk",,Infinitives can be found in such a function.,NA,NA,NA
UT058,"Is there a specialized negative participial form, which cannot be analyzed as a specific participial marker + negation marker?",0,"Niina Aasmäe, Mariann Bernhardt, Denys Teptiuk",,,NA,NA,NA
UT059,Is there a future participle?,0,"Niina Aasmäe, Mariann Bernhardt, Denys Teptiuk",,,NA,NA,NA
UT060,Are there participles that can encode their subject by possessive suffixes?,1,"Niina Aasmäe, Mariann Bernhardt, Denys Teptiuk",moń večkev-iksem (večkev-iks) lomań-em;1SG.GEN love-PTCP1-PX.1SG>3SG (love-PTCP1) person-PX.1SG>3SG.NOM;my beloved (person);ńeje-ź-est;see-PTCP2-PX.3PL>3SG;what they saw;,This is possible with PTCP1 as well as PTCP2.,NA,NA,NA
UT061,Can subject in at least some participial subordinate clauses be encoded in the same way as in independent clauses?,0,"Niina Aasmäe, Mariann Bernhardt, Denys Teptiuk",,,NA,NA,NA
UT062,Are there participles that obligatorily agree with the nouns they modify in case and number (in all contexts)?,0,"Niina Aasmäe, Mariann Bernhardt, Denys Teptiuk",,,NA,NA,NA
UT063,Are there nonfinite forms that can be used both as participles and action nominalizations?,1,"Niina Aasmäe, Mariann Bernhardt, Denys Teptiuk","saje-ma ťejťeŕ;take-PTCP/DEB girl-INDF.NOM.SG;a girl to marry;|ťejťeŕ-eń saje-ma;girl-INDF.GEN taking-INDF.NOM.SG;marriage, the taking of a girl;",,NA,NA,NA
UT064,Are there nonfinite forms that can be used both as participles and agentive nominalizations?,1,"Niina Aasmäe, Mariann Bernhardt, Denys Teptiuk",mori-ća lomań/-eś;sing-PTCP1 person.NOM.INDF/-DEF;(a/the) singing person;|mori-ća/-ś;;a/the singer;,,NA,NA,NA
UT065,"Are there nonfinite forms that can be used both as participles and converbs without any additional morphological material, such as case markers?",1,"Niina Aasmäe, Mariann Bernhardt, Denys Teptiuk","modaś sokaź 'pelto on kynnetty', tuś avaŕďeź 'hän lähti itkien'",,NA,NA,NA
UT066,Is OV the neutral order in affirmative imperative clauses?,0,"Niina Aasmäe, Mariann Bernhardt, Denys Teptiuk",saj-ť umaŕ;take-IMP.2SG apple.INDF.ACC.SG;Take an apple;,,NA,NA,NA
UT067,Is it possible to place an object between the negative marker and the main verb in imperative constructions? ,1,"Niina Aasmäe, Mariann Bernhardt, Denys Teptiuk",Iľi-k jalga-t stuvto;NEG-IMP.2SG>3SG friend-PX.2SG>3SG forget.CNG;Do not forget your friend;,,NA,NA,NA
UT068,Are there preverbs?,0,"Niina Aasmäe, Mariann Bernhardt, Denys Teptiuk",,,NA,NA,NA
UT069,Are there verbal prefixes?,0,"Niina Aasmäe, Mariann Bernhardt, Denys Teptiuk", ,,NA,NA,NA
UT070,Is there diminutive (hypocoristic) marking on verbs?,0,"Niina Aasmäe, Mariann Bernhardt, Denys Teptiuk", ,,NA,NA,NA
UT071,Can modifiers of action nominalization in agent and patient roles both be marked like possessors?,1,"Niina Aasmäe, Mariann Bernhardt, Denys Teptiuk",ejďe-ńť šľamo-zo;child-DEF.GEN.SG washing-PX.3SG>3SG;the child's washing himself/herself / (his/her) washing the child;,,NA,NA,NA
UT072,"Can the modifier of action nominalization in patient role (e.g. ""drinking of coffee"") be marked like the direct object?",1,"Niina Aasmäe, Mariann Bernhardt, Denys Teptiuk",kofija-do śimema;coffee-INDF.ABL drinking;coffee drinking;|śim-an kofija-do;drink-1SG coffee-INDF.ABL;I drink coffee;,,NA,NA,NA
UT073,Do core adjectives agree with the subject noun in number in the predicative position?,1,"Niina Aasmäe, Mariann Bernhardt, Denys Teptiuk",ćora-ś seŕej;man-DEF.NOM.SG tall.PRS.3SG;the man is tall;| ćora-ťńe seŕej-ť;man-DEF.NOM.PL tall-PRS.3PL;the men are tall;,,NA,NA,NA
UT074,Is it possible to form synthetic superlative?,0,"Niina Aasmäe, Mariann Bernhardt, Denys Teptiuk",,,NA,NA,NA
UT075,Can adpositions have person/number marking?,1,"Niina Aasmäe, Mariann Bernhardt, Denys Teptiuk",sonze kise  >  kise-nze;s/he-GEN for > for-PX.3SG;for him/her;|sinst ej-ste > ej-ste-st  they-GEN out_of > out_of-PX.3PL.ELA;out of them;,,NA,NA,NA
UT076,"Are there separate adpositions to express goal, source, and location (without there being syncretism)?",1,"Niina Aasmäe, Mariann Bernhardt, Denys Teptiuk","(ava-nzo) vakss : vaksso : ;mother-POSS.INE.3SG>3SG (to) near: near : (from) near;to near : by, near : from near (his/her mother);",,NA,NA,NA
UT077,Is case compounding possible?,1,"Niina Aasmäe, Mariann Bernhardt, Denys Teptiuk",piŕe-va-ťńe-ń-ste meźejak eź kado;(vegetable) garden-PROL-DEF.PL-INDF.GEN-INDF.ELA nothing NEG-PST1.3SG leave.CNG;of those (that were) in the gardens (it) left nothing;,,NA,NA,NA
UT078,Are there case categories only found in pronouns?,0,"Niina Aasmäe, Mariann Bernhardt, Denys Teptiuk",,,NA,NA,NA
UT079,Does the numeral modification of a noun have an effect on its case selection? ,0,"Niina Aasmäe, Mariann Bernhardt, Denys Teptiuk",,,NA,NA,NA
UT080,Is the singular form of the noun also used with numerals bigger than 1?,1,"Niina Aasmäe, Mariann Bernhardt, Denys Teptiuk",kavto ćora;two man.SG;two men;|kemeń panar;ten shirt.SG;ten shirts;,"With numerals 2 through 10 the noun is used in singular, with other series of numerals singular or plural is used, e.g. śado lomań/-ť 'hundred persons'.",NA,NA,NA
UT081,Is there a genitive case that has an affix?,1,"Niina Aasmäe, Mariann Bernhardt, Denys Teptiuk",narmuń-eń pize;bird-INDF.GEN.SG nest.NOM;a bird's nest;|narmuńe-ńť pize-ze;bird-DEF.GEN.SG nest-PX.3SG>3SG.NOM;the bird's nest;|narmuńe-nze pize-ś;bird-PX.3SG>3SG.GEN nest-DEF.NOM.SG;his/her bird's nest;,,NA,NA,NA
UT082,Is there a dative case used to express indirect object/receiver/goal (different from a local case)?,1,"Niina Aasmäe, Mariann Bernhardt, Denys Teptiuk",ćora-ńeń/-ńťeń;man-DAT.INDF.SG/-DEF.SG;to a/the man;|ćora-nsteń;son-PX.3SG>3SG.DAT;to his/her son;,,NA,NA,NA
UT083,Is there a terminative case?,0,"Niina Aasmäe, Mariann Bernhardt, Denys Teptiuk",,"The terminative meaning is conveyed by the ILL.INDF (-s) and DAT.DEF (-ńťeń), e.g. pačkoďiń škola-s/-ńťeń (reach-PST1.1SG school-INDF.ILL.SG/DEF.DAT.SG) 'I reached a/the school'.",NA,NA,NA
UT084,Is there a separate case to indicate without what/who an action takes place / does not take place?,1,"Niina Aasmäe, Mariann Bernhardt, Denys Teptiuk",lovso-vtomo;milk-ABE;without milk;|kši-vťeme;bread-ABE;without bread;,,NA,NA,NA
UT085,Is there a separate case to mark the motion along or by the referent of the noun (prolative)?,1,"Niina Aasmäe, Mariann Bernhardt, Denys Teptiuk",uľća-va/-vańť/-vanok;street-INDF.PROL/DEF.PROL/PX.1PL>3SG ;along a/the/our street;,"In addition to the prolative -va/-ga/-ka there is also the suffix -ja mainly used in adverbs, e.g. ťi-ja 'here, this way', śi-ja 'there, that way'.",NA,NA,NA
UT086,Is there a locative case that marks goal?,1,"Niina Aasmäe, Mariann Bernhardt, Denys Teptiuk",piŕe-s;garden-INDF.ILL;into a garden'; ,,NA,NA,NA
UT087,Is there a locative case that marks location?,1,"Niina Aasmäe, Mariann Bernhardt, Denys Teptiuk",mašina-so;car-INE;by car;,The inessive -so/-se is also used to mark an instrument.,NA,NA,NA
UT088,Is there a locative case that marks source?,1,"Niina Aasmäe, Mariann Bernhardt, Denys Teptiuk",veď-ste;water-ELA;out of the water;,Locative is also used to mark time: ńiľe-ste 'at four o'clock'.,NA,NA,NA
UT089,Is there case syncretism of goal and location marking?,0,"Niina Aasmäe, Mariann Bernhardt, Denys Teptiuk",,,NA,NA,NA
UT090,Is there case syncretism of location and source marking?,0,"Niina Aasmäe, Mariann Bernhardt, Denys Teptiuk",,,NA,NA,NA
UT091,Are there two sets of local cases?,0,"Niina Aasmäe, Mariann Bernhardt, Denys Teptiuk",,,NA,NA,NA
UT092,Is there a third set of local cases?,0,"Niina Aasmäe, Mariann Bernhardt, Denys Teptiuk",,,NA,NA,NA
UT093,Is there a separate case for marking the means by which something is carried out (instrumental) and/or accompaniement (comitative)?,0,"Niina Aasmäe, Mariann Bernhardt, Denys Teptiuk",,"The inessive -so/-se also appears in the instrumental function, e.g. salmuks-so (needle-INS) 'by/with a needle'.",NA,NA,NA
UT094,"Is there a separate case for marking accompaniment, which is different from the instrumental?",1,"Niina Aasmäe, Mariann Bernhardt, Denys Teptiuk",ejďe-ńek;child-COM;together/alongside with his/her child'.,"However, -ńek does not have definite forms and possessive forms. Accompaniment can also be expressed by the postposition marto 'with', e.g. ejďe-nze marto (child-PX.3SG>3SG.GEN with) 'with his/her child'.",NA,NA,NA
UT095,Is there a separate case for marking the result of change (translative) and/or a state of being (essive)?,1,"Niina Aasmäe, Mariann Bernhardt, Denys Teptiuk",tarka-ś ťejev-ś mazije-ks;place-DEF.NOM.SG become-PST1.3SG beautiful-INDF.NOM.TRA;The place became beautiful;|son-ze lov-iť pŕevej lomań-eks;s/he-DAT consider-PRS.3PL intelligent person.INDF.TRA.SG;S/he is considered an intelligent person;,,NA,NA,NA
UT096,"Is there a separate case for marking the state of being (essive), which is different from the translative?",0,"Niina Aasmäe, Mariann Bernhardt, Denys Teptiuk",,,NA,NA,NA
UT097,Is there a separate morphological marker for expressing equative meaning?,1,"Niina Aasmäe, Mariann Bernhardt, Denys Teptiuk","kemeń-ška;ten-COMP;nearly, about ten;|ťe-ń kuvalma-ška;this-GEN length-COMP.PRS.3SG;is of about this length;",,NA,NA,NA
UT098,Is there an inflectional nominal marker for expressing benefactive or destinative semantics independent from the dative?,0,"Niina Aasmäe, Mariann Bernhardt, Denys Teptiuk",,The dative is used (see UT082).,NA,NA,NA
UT099,Is there in addition to the basic declension a declension different from a possessive declension? ,1,"Niina Aasmäe, Mariann Bernhardt, Denys Teptiuk",oš;city.INDF.NOM.SG;a city;| oš-oś;city-DEF.NOM.SG;the city;,"There is the definite declension, which identifies the object in focus.",NA,NA,NA
UT100,Is it possible to use singular with paired body parts/clothing/accessories that accompany them?,0,"Niina Aasmäe, Mariann Bernhardt, Denys Teptiuk",,,NA,NA,NA
UT101,Can the marking of the possessor in the attributive construction vary?,0,"Niina Aasmäe, Mariann Bernhardt, Denys Teptiuk",,"Possession is usually marked by GEN, e.g. ćora-ń ľem male-INDF.GEN name.NOM 'a male name'. In some less prototypical cases of possession, also NOM can be found, e.g. čuvto/čuvto-ń lopa tree.INDF.NOM/-INDF.GEN leaf.NOM 'a leaf of a tree'.",NA,NA,NA
UT102,Can the possessor in the attributive construction be marked with the nominative?,0,"Niina Aasmäe, Mariann Bernhardt, Denys Teptiuk",,,NA,NA,NA
UT103,Is non-singular possession marked in the possessive declension?,1,"Niina Aasmäe, Mariann Bernhardt, Denys Teptiuk",kudo-zo house-PX.3SG>3SG.NOM 'his/her house';kudo-nzo house-PX.3SG>3PL.NOM 'his/her house-s',"However, there are also syncretic forms: non-singular possession (multiple possessor-multiple possessed) overlaps with (multiple possessor - singular possessed): jalga-nok/-nk/-st friend-PX.1/2/3PL>3SG/3PL 'our friend/-s'; e.g. jalga-nok sa-ś friend-PX.1PL>3SG.NOM came-PST1.3SG 'our friend came', jalga-nok sa-śť friend-PX.1PL>3PL.NOM came-PST1.3PL 'our friends came.'",NA,NA,NA
UT104,Can 2Sg possessive suffix be used to mark definiteness? ,0,"Niina Aasmäe, Mariann Bernhardt, Denys Teptiuk",,,NA,NA,NA
UT105,Can 3Sg possessive suffix be used to mark definiteness? ,1,"Niina Aasmäe, Mariann Bernhardt, Denys Teptiuk",ška-zo/-ś sa-ś;time-PX.3SG>3SG/-DEF.NOM.SG come-PST1.3SG;The time came;| či-ze/-ś ľiś-ś;sun-PX.3SG>3SG/-DEF.NOM.SG come_out-PST1.3SG;The sun came out;,3SG possessive suffix -zo/-ze is parallel to the DEF marker -ś when used with some of the terms of natural phenomena.,NA,NA,NA
UT106,Is there animacy distinction in independent interrogative pronouns?,1,"Niina Aasmäe, Mariann Bernhardt, Denys Teptiuk",meźe;;what;|kije;;who;,,NA,NA,NA
UT107,"When used as a relative pronoun, is it common to use 'who' for animates other than humans?",0,"Niina Aasmäe, Mariann Bernhardt, Denys Teptiuk",,"The pronoun kije 'who' is not used, kona 'who, that, which' is used instead; it appears with animates: lomań-eś/buka-ś, kona sa-ś ťeze (person/ox-DEF.NOM.SG who/which/that come-PST1.3SG here) 'The person/ox who/which came here', as well as with inanimates: ťeľe-ś kona juta-ś  (winter-DEF.NOM.3SG which pass-PST1.3SG) 'the winter that is over'.",NA,NA,NA
UT108,"When used as a relative pronoun, is it common to use 'who' for inanimates?",0,"Niina Aasmäe, Mariann Bernhardt, Denys Teptiuk",,See the comment in UT107.,NA,NA,NA
UT109,Can a demonstrative stem be used in the function of a pronoun with 3rd person singular human referent?,1,"Niina Aasmäe, Mariann Bernhardt, Denys Teptiuk",ťe meźe-jak a sodi;this.DEF.NOM anything-ACC.SG NEG know-PRS.3SG;This (one) does not know anything;,"The demonstrative pronouns ťe 'this', ńe-ťńe 'these, DEF', śe  'that', śe-ťńe 'those, DEF' can be used independently.",NA,NA,NA
UT110,Is the order of possessive suffix and case suffix across the paradigm the same?,0,"Niina Aasmäe, Mariann Bernhardt, Denys Teptiuk",,"The possessive suffixes usually follow case suffixes: keď-eze-nze (hand-ILL.PX.3SG>3SG) 'into his/her hand', except GEN (-nze/-nzo), which follows the stem, and DAT (-nst-eń) with the case suffix following the possessive suffix: ava-nzo/-nst-eń mother-PX.3SG>3SG 'his/her mother / to his/her mother'. GEN and DAT are mainly used with kinship terms.  ",NA,NA,NA
UT111,Is the order of number and case suffixes fixed across the paradigm the same?,1,"Niina Aasmäe, Mariann Bernhardt, Denys Teptiuk","viŕ-ť forest-NOM.PL 'forests'; vir'-es' forest-DEF.NOM.SG 'the forest', vir-en't' forest-DEF.GEN.SG 'of the forest', vir'-en't'en' forest-DEF.DAT=ILL. SG 'to the forest', vir'-d'en't' forest-DEF.ABL.SG 'about the forest', vir'-t'n'e forest-DEF.NOM.PL 'the forests', śorma-ťńe-ďe letter-DEF.ABL.PL 'about the letters'; POSS.declension: possession and number marker follows the case marker: ked'-em hand-POSS.NOM.1SG 'my hand', ked'-sten' hand-POSS.ELA.1SG>3PL 'out of my hands'.","INDF declension: plural t/t' occurs only in NOM; DEF.declension: in Nom.SG - the DEF. marker  s', in GEN.SG - GEN.n' + t', in DAT.SG - n't'+ case marker, in the other forms - a case marker+ n't', the DEF.PL  case markers follow the marker t'n'e (PL t' + DEF. n'e);  POSS.declension: the number+possession marker follows the case marker marker.",NA,NA,NA
UT112,Are there different words for mother’s brother and father’s brother?,0,"Niina Aasmäe, Mariann Bernhardt, Denys Teptiuk",, l'el'a 'uncle' is used for both.,NA,NA,NA
UT113,Are there different words for younger and older relative for other relations than siblings?,0,"Niina Aasmäe, Mariann Bernhardt, Denys Teptiuk",,,NA,NA,NA
UT114,Is there animacy distinction for both concepts 'new/young' and 'old'?,0,"Niina Aasmäe, Mariann Bernhardt, Denys Teptiuk",,"There is only distinction for 'old', i.e. tašto 'old (inanimate), sire 'old (animate)', cf. od 'new, young'.",NA,NA,NA
UT115,Is there distinction for both 'warm' and 'cold' based on whether referring to weather or to temperature of objects?,0,"Niina Aasmäe, Mariann Bernhardt, Denys Teptiuk",,"There is only distinction for 'cold': jakšamo 'cold' is used about (winter) weather, day (cf. also jakšamo-s' 'frost, cold weather), whereas kel'me 'cold' is used in a wide range of meanings, e.g. moda-s' kel'me 'the soil is cold', ked'-et' kel'me 'your hand is cold'. ",NA,NA,NA
UT116,Is there contrastive length of consonants?,0,"Niina Aasmäe, Mariann Bernhardt, Denys Teptiuk",,,NA,NA,NA
UT117,Is there contrastive length of vowels?,0,"Niina Aasmäe, Mariann Bernhardt, Denys Teptiuk",,,NA,NA,NA
UT118,Is there contrast between short and long unstressed vowels?,0,"Niina Aasmäe, Mariann Bernhardt, Denys Teptiuk",,"The  inherent length of vowels in a word, rather than stress affects the relationship between vowel lengths - stressed U may be shorter than unstressed a:  nUla 'a piece of cloth'; intrinsically, the high vowels, u, i are shorter than the low a; the length of the stressed i, u may be equal to (or even longer than) that of the unstressed a.",NA,NA,NA
UT119,Is there contrast in duration of geminate consonants?,0,"Niina Aasmäe, Mariann Bernhardt, Denys Teptiuk",,"No genuine geminates; at morpheme boundary, false geminates may be formed: van-n-oms (see-FRQ-INF).",NA,NA,NA
UT120,Are there more than two phonological quantities? ,0,"Niina Aasmäe, Mariann Bernhardt, Denys Teptiuk",,Quantity has no phonological significance.,NA,NA,NA
UT121,Are there extralong syllables? ,0,"Niina Aasmäe, Mariann Bernhardt, Denys Teptiuk",,,NA,NA,NA
UT122,Is the main foot structure trochaic?,1,"Niina Aasmäe, Mariann Bernhardt, Denys Teptiuk",kudosonzo [ˈkudoˌsonzo] home-PX.3SG>3SG-INE,Mainly disyllabic trochaic feet are realized in speech: kUdo-sOnzo home-PX.3SG>3SG-INE.  Trisyllabic feet (e.g. kUdosost home-PX.3SG>3PL) are possible. Stress can move across word boundaries: ćOra-ťńE eźť tUje-vE kudO-v man-DEF.NOM.PL NEG-PST1.3SG leave.CNG home-INDF.LAT.SG 'The men did/could not leave.' Stress is not distinctly expressed.,NA,NA,NA
UT123,Is there lexically distinctive word stress?,0,"Niina Aasmäe, Mariann Bernhardt, Denys Teptiuk",,,NA,NA,NA
UT124,Is there morphologically conditioned stress?,0,"Niina Aasmäe, Mariann Bernhardt, Denys Teptiuk",,"The variants of the emphatic particle (clitic) -jak/-kak/-gak 'even, too' (e.g. sOn-gAk 'he, too') tend to have primary or secondary stress.",NA,NA,NA
UT125,Is there fixed primary stress?,0,"Niina Aasmäe, Mariann Bernhardt, Denys Teptiuk",,"The first syllable tends to be stressed if the word is uttered as a dictionary item; in words with more than two syllables, stressed and unstressed syllables alternate: mOdamAŕ 'potato'.",NA,NA,NA
UT126,Is there stress in heavy syllables?,0,"Niina Aasmäe, Mariann Bernhardt, Denys Teptiuk",,,NA,NA,NA
UT127,Is there non-initial primary stress?,0,"Niina Aasmäe, Mariann Bernhardt, Denys Teptiuk",,"Initial and non-initial stress alternate (in the example, vowel of the stressed syllable is marked with capital letters): mon E-źiń mO-ľe /mOn e-źIń mo-ĺE 1SG.NOM NEG go.CNG 'I did not go'. ",NA,NA,NA
UT128,Is there palatal vowel harmony?,1,"Niina Aasmäe, Mariann Bernhardt, Denys Teptiuk","ťejťeŕ-ťńe girl-DEF.NOM.PL, piks-tne rope-DEF.NOM.PL","Front vowel harmony in conjunction with palatalized consonant, which causes suffix variation, e.g. -ťńe/-tne.",NA,NA,NA
UT129,Is there velar vowel harmony?,1,"Niina Aasmäe, Mariann Bernhardt, Denys Teptiuk",kunsoloms,"Back vowel harmony, including a: kunsolo-ms 'to listen', lomań 'person' is canceled by palatalized C: muśke-ms ' to wash clothes'. Some suffixes (e.g. -ś DEF) do not obey vowel harmony: śokś-e-ś 'the autumn', soks-o-ś 'the ski'.  ",NA,NA,NA
UT130,Is there labial vowel harmony? ,0,"Niina Aasmäe, Mariann Bernhardt, Denys Teptiuk",,,NA,NA,NA
UT131,Are there rising diphthongs? ,0,"Niina Aasmäe, Mariann Bernhardt, Denys Teptiuk",,There are no diphthongs.,NA,NA,NA
UT132,Are there lowering diphthongs?,0,"Niina Aasmäe, Mariann Bernhardt, Denys Teptiuk",,There are no diphthongs.,NA,NA,NA
UT133,Is there qualitative contrast between subsets of short and long vowels?,0,"Niina Aasmäe, Mariann Bernhardt, Denys Teptiuk",,,NA,NA,NA
UT134,Are there full vs. reduced vowels as contrastive subsets? ,0,"Niina Aasmäe, Mariann Bernhardt, Denys Teptiuk",,"In South-Eastern dialects, reduced vowels occur in unstressed syllables (showing different patterns of non-contrustive distribution); in some words, a vowel having the quality of a reduced V may appear in a stressed syllable: pUromo-ms/pUrǝmǝ-ms/pƏrǝmǝ-ms 'get together'.",NA,NA,NA
UT135,Is there front high rounded vowel ü [y]?,0,"Niina Aasmäe, Mariann Bernhardt, Denys Teptiuk",,,NA,NA,NA
UT136,Is there front midhigh rounded vowel ö [ø]?,0,"Niina Aasmäe, Mariann Bernhardt, Denys Teptiuk",,,NA,NA,NA
UT137,Is there back high unrounded vowel ï [ɯ]?,0,"Niina Aasmäe, Mariann Bernhardt, Denys Teptiuk",,,NA,NA,NA
UT138,Is there back midhigh unrounded vowel ë [ɤ]?,0,"Niina Aasmäe, Mariann Bernhardt, Denys Teptiuk",,,NA,NA,NA
UT139,Is there back low round vowel [ɒ]?,0,"Niina Aasmäe, Mariann Bernhardt, Denys Teptiuk",,,NA,NA,NA
UT140,Is there contrast between low and mid front vowels (ä [æ] vs. e [e])?,0,"Niina Aasmäe, Mariann Bernhardt, Denys Teptiuk",,"In South-Eastern dialects, e - ä: keď 'hand, arm' - käď 'leather, skin'; word-final e, i > ä: śimi > śimä 's/he drinks' .",NA,NA,NA
UT141,Are there word-initial consonant clusters?,1,"Niina Aasmäe, Mariann Bernhardt, Denys Teptiuk",kši [kʃi] 'bread',"CC(C) occur in (i) a group of old loans: kši 'bread', (ii) onomatopoeia: kravto-ms 'chase away', (iii) lexical or style variants: pŕa/piŕa 'head', and (iv) composite words: śńaro 'how many/much'.",NA,NA,NA
UT142,Are there word-internal consonant clusters in syllable onset?,1,"Niina Aasmäe, Mariann Bernhardt, Denys Teptiuk","piškaďems [ˈpi.ʃka.dʲems]  'to address', por.ks-ams 'to break'",pi.škaď-ems (> pška.-ďems),NA,NA,NA
UT143,Are there consonant clusters in syllable coda?,1,"Niina Aasmäe, Mariann Bernhardt, Denys Teptiuk",karkstomo [ˈkarks.to.mo] belt-ABE.SG 'without a belt',,NA,NA,NA
UT144,Are there clusters of three or more consonants in a word between vowels?,1,"Niina Aasmäe, Mariann Bernhardt, Denys Teptiuk","karkstomo [ˈkarks.to.mo] belt-ABES.SG 'without a belt', kev-ksť-ńe-ms 'to inquire, ask', jarmak-ťńe money-DEF.NOM.PL",They occur mainly in suffixes (as the result of elision).,NA,NA,NA
UT145,Are there word-final clusters of three or more consonants?,1,"Niina Aasmäe, Mariann Bernhardt, Denys Teptiuk","valks 'dictionary', kaŕ-ks-t 'ropes'",CC(C) occurring mainly in suffixes (as the result of vowel elision).,NA,NA,NA
UT146,Are there palatalized dentals? ,1,"Niina Aasmäe, Mariann Bernhardt, Denys Teptiuk",śiśem [ˈsʲi.sʲem] 'seven',"ť ď ś ź ć ń ŕ ľ, e.g. śiśem 'seven', ťoža 'thousand', ľem 'name', -ďeŕa (suffix, conditional), ńeje-ms 'to see', seŕ 'height'.",NA,NA,NA
UT147,Are there palatalized labials and velars? ,0,"Niina Aasmäe, Mariann Bernhardt, Denys Teptiuk",,"Before front vowels, labials and velars may be palatalized.",NA,NA,NA
UT148,Is there palatal stop [c]?,0,"Niina Aasmäe, Mariann Bernhardt, Denys Teptiuk",,"In dialects, palatalized č: čama 'face', čumo 'guilt', čeŕ 'hair'. ",NA,NA,NA
UT149,Is there palatal nasal [ɲ]?,0,"Niina Aasmäe, Mariann Bernhardt, Denys Teptiuk",,,NA,NA,NA
UT150, Is there palatal lateral [ʎ]?,0,"Niina Aasmäe, Mariann Bernhardt, Denys Teptiuk",,,NA,NA,NA
UT151,Is there phonemic velar nasal [ŋ]?,0,"Niina Aasmäe, Mariann Bernhardt, Denys Teptiuk",,"Dialect variation: kov/koŋ 'moon, month', positional nasalization n + k, g: kengeľ-ems 'to tell lies', ponkst 'trousers', kenkš 'a door'.",NA,NA,NA
UT152,Is there dental affricate [t͡s]?,1,"Niina Aasmäe, Mariann Bernhardt, Denys Teptiuk","copaďems [ˈt͡so.pa.dʲems] 'grab', ćora 'man, boy'",,NA,NA,NA
UT153,"Is there non-alveolar affricate (e.g. [t͡ʃ], [͡cɕ])?",1,"Niina Aasmäe, Mariann Bernhardt, Denys Teptiuk","či [t͡ʃi] 'day', pačk 'through'",,NA,NA,NA
UT154,Is there a phonological contrast between [s] and postalveolar sibilant [ʃ]?,1,"Niina Aasmäe, Mariann Bernhardt, Denys Teptiuk","ška [ʃka] 'time', peškśe 'full'",,NA,NA,NA
UT155,"Are there voiced plosives [b, g, d]?",1,"Niina Aasmäe, Mariann Bernhardt, Denys Teptiuk",veďga [ˈvedʲ.ga] water-PROL,,NA,NA,NA
UT156,Is there glottal stop [ˀ]?,0,"Niina Aasmäe, Mariann Bernhardt, Denys Teptiuk",,,NA,NA,NA
UT157,Is there phonological contrast between plain and labial velar consonants (e.g. [k] vs. [kʷ])?,0,"Niina Aasmäe, Mariann Bernhardt, Denys Teptiuk",,,NA,NA,NA
UT158,Is there a constraint on word-initial r?,0,"Niina Aasmäe, Mariann Bernhardt, Denys Teptiuk",,"raužo 'black', raśke 'ethnos, people', ruma-ms 'become bleached', Rav 'Volga', ruz 'Russian'",NA,NA,NA
UT159,Is there laryngeal fricative [h]?,0,"Niina Aasmäe, Mariann Bernhardt, Denys Teptiuk",,,NA,NA,NA
UT160,Is there voiced velar fricative [ɣ]?,0,"Niina Aasmäe, Mariann Bernhardt, Denys Teptiuk",,,NA,NA,NA
UT161,Is there voiceless velar fricative [x]?,1,"Niina Aasmäe, Mariann Bernhardt, Denys Teptiuk",xoľams [ˈxo.lʲams] 'to whip',,NA,NA,NA
UT162,Is there voiced dental fricative [ð]?,0,"Niina Aasmäe, Mariann Bernhardt, Denys Teptiuk",,,NA,NA,NA
UT163,Is there phonemic labio-velar approximant [w]?,0,"Niina Aasmäe, Mariann Bernhardt, Denys Teptiuk",,"A positional variant: v > w/u, e.g. avoľ > awuĺ/auľ 'not'.",NA,NA,NA
UT164,Is there voiceless labiodental fricative [f]?,0,"Niina Aasmäe, Mariann Bernhardt, Denys Teptiuk",,"Only in loanwords, e.g. fizika 'physics', Feďa/Xveďa (name).",NA,NA,NA
UT165,Is there radical qualitative consonant gradation?,0,"Niina Aasmäe, Mariann Bernhardt, Denys Teptiuk",,,NA,NA,NA
UT166,Is there quantitative consonant gradation?,0,"Niina Aasmäe, Mariann Bernhardt, Denys Teptiuk",,,NA,NA,NA
